{
    "resources": [
        {
            "name": "fragment/SaveOptionDialog.fragment.xml"
        },
        {
            "name": "Component.js"
        },
        {
            "name": "files/APIData.json"
        },
        {
            "name": "manifest.json"
        },
        {
            "name": "model/models.js"
        },
        {
            "name": "controller/Main.controller.js"
        },
        {
            "name": "files/treeData.json"
        },
        {
            "name": "manifest-bundle.zip"
        },
        {
            "name": "Component-preload.js",
            "merged": true
        },
        {
            "name": "model/models-dbg.js",
            "isDebug": true
        },
        {
            "name": "controller/Main-dbg.controller.js",
            "isDebug": true
        },
        {
            "name": "Component-dbg.js",
            "isDebug": true
        },
        {
            "name": "../../sap-ui-version.json"
        },
        {
            "name": "view/Main.view.xml"
        },
        {
            "name": "fragment/SortPopover.fragment.xml"
        },
        {
            "name": "fragment/SaveOptionDialogUp.fragment.xml"
        },
        {
            "name": "i18n/i18n.properties",
            "raw": "i18n/i18n.properties"
        },
        {
            "name": "fragment/LoginDialog.fragment.xml"
        },
        {
            "name": "fragment/FileUploadDialog.fragment.xml"
        },
        {
            "name": "files/LandingInfoAP.png"
        },
        {
            "name": "files/LandingInfoAP.PNG"
        },
        {
            "name": "files/InfosysLogo.png"
        },
        {
            "name": "css/style.css"
        },
        {
            "name": "index.html"
        }
    ]
}