{
  "fragment/FileUploadDialog.fragment.xml": 1612945543000,
  "Component.js": 1605073695000,
  "files/APIData.json": 1608264706000,
  "manifest.json": 1617633789721,
  "model/models.js": 1605073695000,
  "controller/Main.controller.js": 1617285153434,
  "files/treeData.json": 1612945543000,
  "manifest-bundle.zip": 1617633789183,
  "Component-preload.js": 1617633789583,
  "model/models-dbg.js": 1605073695000,
  "controller/Main-dbg.controller.js": 1617285153434,
  "Component-dbg.js": 1605073695000,
  "resources.json": 1617633789731,
  "view/Main.view.xml": 1612945543000,
  "fragment/SortPopover.fragment.xml": 1612945543000,
  "fragment/SaveOptionDialogUp.fragment.xml": 1611235866000,
  "fragment/SaveOptionDialog.fragment.xml": 1611235866000,
  "fragment/LoginDialog.fragment.xml": 1610967484000,
  "i18n/i18n.properties": 1605073695000,
  "files/LandingInfoAP.png": 1611929517000,
  "files/LandingInfoAP.PNG": 1611929329000,
  "files/InfosysLogo.png": 1605078257000,
  "css/style.css": 1611929378000,
  "index.html": 1605078580000
}